,plot_id,loc_name,long_in_degrees,lat_in_degrees,start_date,end_date,duration_in_days,duration_in_years,measurement_freq_in_mins,depth_in_m,temp_degC_percentage_missing_values,no_of_data,climate_classification
1,1.1,"Belize, Stann Creek, Carrie Bow Cay",-88.082072,16.80127,3/20/2001 19:10,2/9/2005 9:30,1422,3.9,10,0,13.24,204711,Tropical
2,1.2,"Belize, Stann Creek, Carrie Bow Cay",-88.082072,16.80127,3/3/2000 16:10,12/9/2013 0:00,5028,13.8,10,2,52.87,724080,Tropical
3,2.1,"Belize, Stann Creek, Carrie Bow Cay",-88.079817,16.8009,3/4/2000 21:30,9/24/2012 23:00,4587,12.6,10,2,53.14,660538,Tropical
4,2.2,"Belize, Stann Creek, Carrie Bow Cay",-88.079817,16.8009,3/17/2001 22:30,6/7/2012 23:00,4100,11.2,10,5,38.8,590404,Tropical
5,3,"Belize, Stann Creek, Carrie Bow Cay",-88.07863,16.79972,3/3/2000 16:10,10/2/2014 22:10,5326,14.6,10,10,40.73,766981,Tropical
6,6.1,"Belize, Stann Creek, Curlew Caye",-88.07653,16.77592,10/3/2017 15:00,12/7/2017 21:00,65,0.2,15,5,0,6265,Tropical
7,6.2,"Belize, Stann Creek, Curlew Caye",-88.07653,16.77592,10/3/2017 15:00,10/11/2019 20:30,738,2,15,10,0,70871,Tropical
8,8.1,"Belize, Stann Creek, Cat Cay",-88.199404,16.652092,3/7/2000 18:10,3/18/2001 18:00,376,1,10,0,0.06,54144,Tropical
9,8.2,"Belize, Stann Creek, Cat Cay",-88.199404,16.652092,3/18/2001 20:20,3/15/2002 3:30,361,1,10,2,37.5,52028,Tropical
10,9.1,"Belize, Stann Creek, Cat Cay",-88.196906,16.651963,8/5/2000 19:10,3/18/2001 17:50,225,0.6,10,0,0,32393,Tropical
11,9.2,"Belize, Stann Creek, Cat Cay",-88.196906,16.651963,4/1/2001 5:20,3/15/2002 3:30,348,1,10,2,37.5,50102,Tropical
12,9.3,"Belize, Stann Creek, Cat Cay",-88.196906,16.651963,3/18/2001 20:10,8/2/2005 23:40,1598,4.4,10,5,46.55,230134,Tropical
13,9.4,"Belize, Stann Creek, Cat Cay",-88.196906,16.651963,3/18/2001 20:10,8/2/2005 23:40,1598,4.4,10,10,49.83,230134,Tropical
14,10.1,"Belize, Stann Creek, Channel Cay",-88.13632,16.662761,3/18/2001 20:10,8/2/2005 23:40,1598,4.4,10,5,60.7,230134,Tropical
15,10.2,"Belize, Stann Creek, Channel Cay",-88.13632,16.662761,3/18/2001 20:10,1/1/2005 9:40,1385,3.8,10,10,64.89,199378,Tropical
16,11,"Belize, Stann Creek, Manatee Cay",-88.192316,16.666483,8/13/2000 4:50,7/5/2002 1:50,691,1.9,10,5,55.72,99481,Tropical
17,12.1,"Belize, Stann Creek, Manatee Cay",-88.187625,16.665048,3/18/2001 19:00,3/29/2003 0:50,740,2,10,5,46.02,106596,Tropical
18,12.2,"Belize, Stann Creek, Manatee Cay",-88.187625,16.665048,8/5/2000 19:10,3/18/2001 16:40,225,0.6,10,10,0,32386,Tropical
19,13,"Belize, Toledo, Sapodilla Cayes",-88.57228,16.19172,6/14/2002 14:30,8/7/2005 8:45,1150,3.2,15,5,16.21,110378,Tropical
20,14,"Belize, Toledo, Snake Cayes",-88.26666,16.108138,7/12/2002 12:30,8/7/2005 8:45,1122,3.1,15,5,0.63,107698,Tropical
21,25.1,China,117.4844444,23.65277778,7/1/2018 10:30,9/25/2018 9:30,86,0.2,30,4,14.73,4127,Subtropical
22,25.2,China,117.4844444,23.65277778,7/1/2018 10:30,9/25/2018 9:30,86,0.2,30,7,5.57,4127,Subtropical
23,26.1,China,117.5094444,23.6375,6/26/2019 11:20,10/26/2019 19:00,122,0.3,10,0,38.44,17619,Subtropical
24,29,"South Africa, Tsitsikamma ",23.8997,-34.0228,6/29/1991 14:00,7/18/1999 2:00,2941,8.1,60,10,0.1,70574,Subtropical
25,31,"South Africa, Mangold ",25.5867,-34.0487,1/28/1992 15:00,5/2/1997 9:00,1921,5.3,60,5,3.14,46099,Subtropical
26,32,"United Kingdom, English Channel",-4.13,50.15,3/17/2009 1:05,12/9/2009 22:05,268,0.7,60,1.5,19.95,6430,Temperate
27,33.1,"Spain, Cap de Creus North (Portalo)",3.286557,42.33346,5/22/2007 18:00,6/28/2019 10:00,4420,12.1,60,5,17.06,106077,Temperate
28,33.2,"Spain, Cap de Creus North (Portalo)",3.286557,42.33346,5/22/2007 18:00,6/28/2019 10:00,4420,12.1,60,10,9.8,106077,Temperate
29,34.1,"Spain, Cap de Creus South (El-Gat)",3.261413,42.236976,5/23/2007 17:00,11/22/2018 13:00,4201,11.5,60,5,21.35,100824,Temperate
30,34.2,"Spain, Cap de Creus South (El-Gat)",3.261413,42.236976,5/23/2007 17:00,11/22/2018 13:00,4201,11.5,60,10,25.46,100824,Temperate
31,35.1,"Spain, Medes Islands (Pota-del-Llop)",3.2254,42.0497,7/18/2002 11:00,7/2/2019 10:00,6193,17,60,5,21.9,148641,Temperate
32,35.2,"Spain, Medes Islands (Pota-del-Llop)",3.2254,42.0497,7/18/2002 11:00,7/2/2019 10:00,6193,17,60,10,6.97,148641,Temperate
33,36.1,"France, Riou Nature Reserve",5.389873,43.171963,6/24/1999 12:00,11/20/2017 9:00,6724,18.4,60,5,29.93,161380,Temperate
34,36.2,"France, Riou Nature Reserve",5.389873,43.171963,6/24/1999 12:00,11/20/2017 9:00,6724,18.4,60,10,1.31,161380,Temperate
35,37.1,"France, Port-Cros National Park",6.377994,43.016405,6/17/1999 11:00,7/10/2018 9:00,6963,19.1,60,5,34.49,167119,Temperate
36,37.2,"France, Port-Cros National Park",6.377994,43.016405,6/17/1999 11:00,7/10/2018 9:00,6963,19.1,60,10,13.6,167119,Temperate
37,38.1,"France, Scandola Nature Reserve",8.54635,42.3802,5/15/2004 12:00,10/24/2018 9:00,5275,14.5,60,5,22.36,126601,Temperate
38,38.2,"France, Scandola Nature Reserve",8.54635,42.3802,5/15/2004 12:00,10/24/2018 9:00,5275,14.5,60,10,7.44,126601,Temperate
39,49,"Tasmania, Bluff Hill Point",144.6082,-41.0041,5/31/2009 16:00,11/7/2011 13:00,890,2.4,120,10,0,10680,Temperate
40,50,"Tasmania, Cape Grim",144.6793,-40.6697,3/2/2010 19:00,11/3/2012 11:45,977,2.7,120,10,0,11721,Temperate
41,51,"Tasmania, Granville Harbour",145.0001,-41.7778,11/8/2009 16:00,3/29/2012 13:00,872,2.4,120,10,31.33,10464,Temperate
42,53,"Tasmania, Stanley Nut",145.3092,-40.764,9/13/2005 13:33,7/20/2006 12:33,310,0.8,60,8,0,7440,Temperate
43,54,"Tasmania, Inner Saddle",145.8977,-43.3059,4/23/2008 21:00,4/21/2009 19:00,363,1,120,10,0,4356,Temperate
44,55,"Tasmania, New Harbour",146.154,-43.5184,3/9/2017 13:00,4/22/2018 14:00,409,1.1,120,10,0,4909,Temperate
45,56,"Tasmania, Mouldies Hole",146.9199,-43.5939,2/24/2005 16:00,8/23/2007 17:01,910,2.5,60,6,0,21840,Temperate
46,58,"Tasmania, Hogan Island",146.9962,-39.2099,4/10/2008 21:00,6/4/2017 18:59,3342,9.2,120,10,0,40105,Temperate
47,59,"Tasmania, One Tree Point",147.3866,-43.1087,1/30/2006 16:58,8/15/2007 19:58,562,1.5,60,8,0,13491,Temperate
48,60,"Tasmania, Iron Pot",147.4167,-43.053,12/4/2006 19:10,1/24/2008 18:10,416,1.1,60,9,0,9984,Temperate
49,65,"Tasmania, Swansea",148.0925,-42.1239,5/3/2005 14:32,3/6/2006 13:32,307,0.8,120,8.3,0,3685,Temperate
50,66,"Tasmania, Franklin Sound",148.263,-40.2288,5/17/2011 23:00,7/16/2016 5:00,1886,5.2,120,8,0,22636,Temperate
51,67,"Tasmania, Hazards Beach",148.2844,-42.1916,5/3/2005 14:42,6/18/2019 18:00,5159,14.1,120,6.5,8.39,61910,Temperate
52,69,"Tasmania, Coles Bay",148.2962,-42.1342,1/14/2007 21:00,4/9/2019 20:00,4468,12.2,120,6,0,53633,Temperate
53,76.1,"Germany, Fehmarn",11.15,54.6,11/15/2012 14:29,8/10/2020 18:29,2825,7.7,60,1,62.37,67805,Temperate
54,76.2,"Germany, Fehmarn",11.15,54.6,11/15/2012 13:29,8/10/2020 18:29,2825,7.7,60,3,64.65,67806,Temperate
55,76.3,"Germany, Fehmarn",11.15,54.6,11/15/2012 13:29,12/6/2019 6:29,2577,7.1,60,10,68.3,61842,Temperate
56,77.1,"Germany, Cape Arkona",13.8666,54.8833,11/9/2012 19:00,8/19/2020 15:00,2840,7.8,60,2,15.33,68157,Temperate
57,77.2,"Germany, Cape Arkona",13.8666,54.8833,11/9/2012 19:00,8/19/2020 15:00,2840,7.8,60,5,15.3,68157,Temperate
58,77.3,"Germany, Cape Arkona",13.8666,54.8833,11/9/2012 19:00,8/19/2020 15:00,2840,7.8,60,7,15.34,68157,Temperate
59,78.1,"Germany, Kiel Lighthouse",10.268,54.5,11/9/2012 19:09,8/20/2020 13:09,2841,7.8,60,0.5,24.39,68179,Temperate
60,78.2,"Germany, Kiel Lighthouse",10.268,54.5,11/9/2012 19:09,8/20/2020 13:09,2841,7.8,60,1,17.85,68179,Temperate
61,78.3,"Germany, Kiel Lighthouse",10.268,54.5,11/9/2012 19:09,8/20/2020 13:09,2841,7.8,60,2,19.66,68179,Temperate
62,78.4,"Germany, Kiel Lighthouse",10.268,54.5,11/9/2012 19:09,8/20/2020 13:09,2841,7.8,60,4,15.7,68179,Temperate
63,78.5,"Germany, Kiel Lighthouse",10.268,54.5,11/9/2012 19:09,8/20/2020 13:09,2841,7.8,60,8,24.61,68179,Temperate
64,79.1,"Germany, North Sea",6.583333,54,9/23/2010 3:15,7/3/2020 2:22,3571,9.8,60,3,68.65,85704,Temperate
65,79.2,"Germany, North Sea",6.583333,54,9/23/2010 0:15,3/16/2020 6:22,3462,9.5,60,6,64.78,83095,Temperate
66,80.1,"Germany, North Sea",7.1583,55.19499,9/20/2011 12:22,2/23/2020 1:29,3078,8.4,60,6,83.05,73862,Temperate
67,81.1,"Germany, North Sea",6.35,54.16667,9/19/2010 22:43,2/3/2020 23:41,3424,9.4,60,6,60.38,82178,Temperate
68,81.2,"Germany, North Sea",6.35,54.16667,9/19/2010 22:43,4/8/2020 13:41,3489,9.6,60,10,61.7,83751,Temperate
69,82.1,"Germany, North Sea",6.783333,54.68333,8/8/2011 20:45,9/14/2018 5:27,2593,7.1,60,4,78.93,62311,Temperate
70,82.2,"Germany, North Sea",6.783333,54.68333,9/23/2010 12:45,7/3/2020 6:27,3571,9.8,60,6,73.85,85769,Temperate
71,83,"Germany, Heligoland",7.867,54.16,4/12/2015 0:23,9/25/2018 11:39,1262,3.5,30,0.5,57.03,60605,Temperate
72,84,"Germany, Heligoland",7.891111,54.17972,4/20/2011 14:31,7/3/2020 6:02,3362,9.2,30,0.5,56.18,161487,Temperate
73,85,"Germany, North Sea",8.117,54,4/20/2011 11:12,7/3/2020 3:36,3362,9.2,30,0.5,46.57,161516,Temperate
74,86,"Germany, Elbe River Estuary",8.943783,53.85905,3/15/2012 0:00,10/30/2013 8:30,594,1.6,10,3,22.5,85588,Temperate
75,87,"Germany, Jade Bight",8.188217,53.516566,4/11/2007 12:20,11/14/2011 14:40,1678,4.6,10,4,9.81,241647,Temperate
76,88.1,"Germany, North Sea",6.333333,55,5/27/2011 11:30,3/19/2019 7:25,2853,7.8,60,3,57.51,68841,Temperate
77,88.2,"Germany, North Sea",6.333333,55,5/21/2011 16:30,3/19/2019 7:25,2859,7.8,60,6,57.37,68965,Temperate
78,89.1,"Croatia, Kornati",15.22,43.836389,5/9/2009 23:00,5/20/2016 10:00,2567,7,60,5,8.66,61620,Temperate
79,89.2,"Croatia, Kornati",15.22,43.836389,5/9/2009 23:00,5/20/2016 10:00,2567,7,60,10,1.32,61620,Temperate
80,95.1,"Turkey, Kas Kovanli island",29.62139,36.15194,7/22/2014 11:00,12/23/2015 4:00,519,1.4,60,5,0.34,12451,Temperate
81,95.2,"Turkey, Kas Kovanli island",29.62139,36.15194,7/22/2014 11:00,12/23/2015 4:00,519,1.4,60,10,1.72,12451,Temperate
82,96,"Ecuador, Bartolome Island",-90.544861,-0.279722,3/30/2018 11:30,8/11/2018 20:30,134,0.4,30,8,0,6451,Tropical
83,97,"Ecuador, Cabo Ibbetson",-90.732,0.543972,3/29/2018 10:05,8/12/2018 7:35,136,0.4,30,8,0,6524,Tropical
84,98,"Ecuador, Cerro Mundo",-82.581667,-0.871389,7/28/2019 12:15,8/26/2020 13:30,395,1.1,15,8,0,37926,Tropical
85,99,"Ecuador, La Botella",-90.496583,-1.291444,3/26/2018 16:09,8/16/2018 8:09,143,0.4,30,8,0,6849,Tropical
86,100,"Ecuador, Punta Cormoran",-90.422611,-1.220667,3/26/2018 7:17,8/17/2018 10:17,144,0.4,30,8,0,6919,Tropical
87,101,"Ecuador, Punta Espinosa",-91.435833,-0.270361,3/28/2018 17:37,8/13/2018 9:37,138,0.4,30,8,0,6609,Tropical
88,102,"Spain, Columbretes Nature Reserve",0.682778,39.897111,6/28/2004 20:00,10/21/2020 16:00,5959,16.3,60,5,0.07,143014,Temperate
89,103,"Canada, Bay Bulls",-52.79167,47.30972,1/18/2011 1:30,3/21/2015 9:30,1523,4.2,30,4,19.16,73122,Temperate
90,105,"Canada, Bauline",-52.834622,47.722752,11/7/2019 0:00,7/5/2020 11:00,241,0.7,180,6,0,1933,Temperate
91,106,"Canada, St. Phillips",-52.857052,47.625909,11/6/2019 18:00,7/5/2020 2:00,241,0.7,180,6,0,1932,Temperate
92,107,"Hawaii, Kaneohe Bay",-157.7843583,21.43118497,7/25/2017 18:00,3/22/2019 8:00,605,1.7,10,3,18.99,87061,Subtropical
93,108,"Hawaii, Kaneohe Bay",-157.7728388,21.41945634,7/19/2017 18:00,10/3/2019 15:00,806,2.2,10,1.2,48.87,116047,Subtropical
94,109,"Hawaii, Kaneohe Bay",-157.7836392,21.42834351,7/25/2017 18:10,5/20/2019 22:40,664,1.8,10,3,23.22,95644,Subtropical
95,110,"Hawaii, Kaneohe Bay",-157.7837221,21.42788644,7/25/2017 18:00,9/29/2019 6:00,796,2.2,10,3.5,19.39,114553,Subtropical
96,111,"Hawaii, Kaneohe Bay",-157.7920745,21.43665098,7/14/2017 18:00,10/3/2019 15:00,811,2.2,10,0.7,17.54,116767,Subtropical
97,112,"Hawaii, Kaneohe Bay",-157.7844176,21.43141631,7/25/2017 18:00,3/22/2019 8:00,605,1.7,10,2.6,18.99,87061,Subtropical
98,113,"Hawaii, Kaneohe Bay",-157.7956053,21.45189766,7/12/2017 18:00,10/3/2019 11:00,813,2.2,10,1.2,13.07,117031,Subtropical
99,114,"Hawaii, Kaneohe Bay",-157.7959912,21.44945819,8/15/2017 18:00,5/18/2019 15:50,641,1.8,10,0.5,54.09,92292,Subtropical
100,115,"Hawaii, Kaneohe Bay",-157.8015228,21.43813717,8/22/2017 18:00,8/31/2019 23:50,739,2,10,0.5,38.53,106452,Subtropical
101,116,"Hawaii, Kaneohe Bay",-157.7969448,21.45526048,7/14/2017 18:00,9/18/2019 15:00,796,2.2,10,2.4,19.63,114607,Subtropical
102,117,"Hawaii, Kaneohe Bay",-157.7954312,21.45097389,7/14/2017 18:00,10/3/2019 12:00,811,2.2,10,1.5,17.3,116749,Subtropical
103,118,"Hawaii, Kaneohe Bay",-157.79744,21.45460401,7/14/2017 18:00,10/1/2019 11:00,809,2.2,10,2.1,19.32,116455,Subtropical
104,119,"Hawaii, Kaneohe Bay",-157.8195752,21.47039099,7/12/2018 18:00,7/5/2019 7:50,358,1,10,1.4,9.9,51492,Subtropical
105,120,"Hawaii, Kaneohe Bay",-157.8209955,21.47049568,7/19/2017 18:00,3/25/2019 8:00,614,1.7,10,1,16.27,88357,Subtropical
106,121,"Hawaii, Kaneohe Bay",-157.8226816,21.46056287,7/20/2017 18:00,6/30/2019 0:10,709,1.9,10,1,14.5,102134,Subtropical
107,122,"Hawaii, Kaneohe Bay",-157.8216828,21.4668835,7/19/2017 18:00,10/3/2019 10:00,806,2.2,10,0.9,48.63,116017,Subtropical
108,123,"Hawaii, Kaneohe Bay",-157.8210831,21.46947225,7/19/2017 18:00,10/2/2019 14:30,805,2.2,10,0.9,14.69,115900,Subtropical
109,124,"Hawaii, Kaneohe Bay",-157.8216664,21.46739714,7/19/2017 18:00,10/3/2019 9:30,806,2.2,10,0.7,10.45,116014,Subtropical
110,125,"Hawaii, Kaneohe Bay",-157.8329455,21.47694941,7/21/2017 18:00,10/2/2019 11:00,803,2.2,10,1.4,35.86,115591,Subtropical
111,126,"Hawaii, Kaneohe Bay",-157.8264895,21.47704119,7/21/2017 18:00,10/2/2019 11:30,803,2.2,10,1.4,35.85,115594,Subtropical
112,127,"Hawaii, Kaneohe Bay",-157.8254695,21.47680893,7/20/2017 18:00,10/2/2019 13:00,804,2.2,10,1.4,18.69,115747,Subtropical
113,128,"Hawaii, Kaneohe Bay",-157.8226305,21.47468311,7/20/2017 18:00,8/3/2019 18:00,744,2,10,1.1,18.18,107137,Subtropical
114,129,"Hawaii, Kaneohe Bay",-157.8339457,21.47959482,7/21/2017 18:00,8/30/2019 22:20,770,2.1,10,1.5,15.22,110907,Subtropical
115,130,"Hawaii, Kaneohe Bay",-157.8255025,21.47663006,12/21/2017 18:00,10/2/2019 12:20,650,1.8,10,1.2,17.36,93567,Subtropical
116,131,"Hawaii, Kaneohe Bay",-157.8418562,21.49264318,7/26/2017 18:00,7/20/2019 18:00,724,2,10,1.2,23.49,104257,Subtropical
117,132,"Hawaii, Kaneohe Bay",-157.8279405,21.48684894,8/29/2017 18:00,3/20/2019 8:00,568,1.6,10,2.7,14.59,81733,Subtropical
118,133,"Hawaii, Kaneohe Bay",-157.8293183,21.49226608,7/26/2017 18:00,5/21/2019 4:10,663,1.8,10,2.4,23.38,95534,Subtropical
119,134,"Hawaii, Kaneohe Bay",-157.8276872,21.49068257,12/20/2017 18:00,8/3/2019 8:50,591,1.6,10,3.5,14.53,85050,Subtropical
120,135,"Hawaii, Kaneohe Bay",-157.828215,21.48967842,7/26/2017 18:00,10/1/2019 10:00,797,2.2,10,3.3,15.47,114721,Subtropical
121,136,"Hawaii, Kaneohe Bay",-157.8286639,21.493201,7/26/2017 18:00,10/1/2019 8:00,797,2.2,10,3.2,15.47,114709,Subtropical
122,137,"Panama, Punta Donato",-82.14454,9.21583,6/5/2015 9:15,8/17/2016 10:15,439,1.2,15,8,0,42149,Tropical
123,145,"Panama, Cristobal",-82.14454,9.15742,6/5/2015 13:45,8/15/2016 12:15,437,1.2,15,5,0,41947,Tropical
124,146,"Panama, Cayo de Aqua",-82.02967,9.1101,6/2/2015 13:43,8/12/2016 14:58,437,1.2,15,6,0,41958,Tropical
125,147,"Panama, Cayo de Aqua",-82.02958,9.11006,6/2/2015 13:50,8/12/2016 15:05,437,1.2,15,6,0,41958,Tropical
126,148,"Panama, Drago Mar",-82.19483,9.25448,6/3/2015 13:45,8/13/2016 15:00,437,1.2,15,10,0,41958,Tropical
127,149,Australia,113.7887,-23.2805,2/9/2018 0:00,2/26/2020 0:00,747,2,10,3,4.53,107569,Subtropical
128,150,Australia,149.3786,-19.7641,2/1/2015 0:00,4/20/2019 0:00,1539,4.2,10,2,7.74,221617,Tropical
129,157,Australia,150.8534,-21.028,3/16/2016 0:00,3/6/2018 13:50,721,2,10,2.5,2.21,103764,Subtropical
130,159,Australia,150.8538,-21.0266,12/8/2013 0:05,3/6/2018 0:00,1549,4.2,10,7,3.6,222769,Subtropical
131,160,Australia,151.4654,-21.4552,3/11/2016 14:00,9/14/2019 0:00,1281,3.5,10,2.6,4.86,184525,Subtropical
132,162,Australia,151.4654,-21.4547,12/7/2013 0:09,9/16/2019 0:00,2109,5.8,10,8,1.55,303121,Subtropical
133,164,Australia,151.6414,-21.4072,3/11/2016 0:04,9/14/2019 0:00,1282,3.5,10,1.5,11.67,184321,Subtropical
134,166,Australia,151.6384,-21.4054,3/11/2016 0:00,9/14/2019 0:00,1282,3.5,10,8,7.9,184609,Subtropical
135,168,Australia,152.4465,-21.2965,11/20/2011 14:00,11/30/2013 13:50,741,2,10,7.8,0.8,106704,Subtropical
136,169,Australia,152.5502,-21.1085,11/20/2011 0:02,1/4/2016 23:57,1507,4.1,10,8.3,5.57,216864,Subtropical
137,171,Australia,152.3069,-21.9471,9/3/2013 0:03,1/12/2020 0:00,2322,6.4,10,1.7,6.21,334079,Subtropical
138,172,Australia,152.3168,-21.9612,1/16/2016 14:10,1/12/2020 13:50,1457,4,10,9,3.59,209807,Subtropical
139,173,Australia,150.3807,-21.0266,1/21/2012 0:01,9/20/2019 13:50,2800,7.7,10,9,25.89,403139,Subtropical
140,174,Australia,145.8652,-16.0398,12/2/2015 0:00,6/7/2016 13:50,189,0.5,10,2,2.78,27156,Tropical
141,176,Australia,115.4534,-20.5301,2/10/2012 0:03,4/28/2012 15:53,79,0.2,10,7.7,5.02,11328,Subtropical
142,177,Australia,159.0684,-31.5623,2/28/2009 0:04,4/7/2013 23:55,1500,4.1,10,8.3,1.67,215424,Subtropical
143,178,Australia,146.0871,-16.6891,3/28/1996 0:00,11/15/2008 13:30,4616,12.6,30,2.5,20.59,221548,Tropical
144,179,Australia,146.1107,-16.6461,3/28/1996 0:00,11/15/2008 13:30,4616,12.6,30,7.2,21.21,221546,Tropical
145,181,Australia,123.0423,-12.1991,11/6/2008 0:00,4/16/2009 15:30,162,0.4,30,3,2.63,7760,Tropical
146,182,Australia,122.9996,-12.2245,11/6/2008 0:08,7/13/2010 15:58,615,1.7,10,5.1,7.28,88512,Tropical
147,183,Australia,122.969,-12.2247,7/15/2010 0:02,3/3/2011 15:52,232,0.6,10,5.1,6.56,33360,Tropical
148,184,Australia,122.9898,-12.2396,7/15/2010 0:08,9/9/2011 23:58,422,1.2,10,4.7,3.38,60768,Tropical
149,185,Australia,136.8196,-12.0742,5/12/2018 14:40,12/10/2019 0:00,576,1.6,10,4.5,1.66,83001,Tropical
150,186,Australia,96.8174,-11.8297,4/6/2002 0:30,5/31/2008 23:22,2248,6.2,60,10,49.23,53952,Tropical
151,187,Australia,136.8911,-12.4161,4/28/2018 0:00,8/31/2019 14:20,491,1.3,10,2.9,2.78,55255,Tropical
152,188,Australia,151.0707,-23.1578,5/10/2011 14:09,4/30/2020 0:00,3277,9,10,4.2,56.23,471948,Subtropical
153,189,Australia,115.5136,-21.0774,11/17/2010 0:05,4/29/2012 23:58,530,1.5,10,3.2,42.21,76032,Subtropical
154,190,Australia,115.4654,-20.9599,2/12/2011 16:02,9/19/2011 15:52,219,0.6,10,3.8,13.41,31536,Subtropical
155,191,Australia,150.6576,-2.7426,8/5/2011 0:00,2/17/2012 0:00,196,0.5,30,10,0.92,9409,Tropical
156,192,Australia,115.7061,-32.3723,5/16/2012 0:00,12/21/2016 0:00,1680,4.6,30,3,41.29,80641,Subtropical
157,193,Australia,136.2736,-13.7543,6/21/2018 0:00,10/6/2019 0:00,472,1.3,10,2,5.85,67969,Tropical
158,195,Australia,145.4872,-16.2445,3/31/1996 0:00,3/12/2007 13:30,3999,11,30,0.1,22.6,191932,Tropical
159,196,Australia,136.5806,-12.084,4/28/2018 0:00,12/10/2019 0:00,591,1.6,10,3.2,7.82,85105,Tropical
160,197,Australia,141.9113,-10.6031,12/17/2012 0:00,12/4/2017 0:00,1813,5,10,1.9,65.4,261073,Tropical
161,198,Australia,149.0319,-20.171,4/20/2013 14:03,3/2/2017 0:00,1411,3.9,10,1.6,6.15,203245,Subtropical
162,199,Australia,149.0377,-20.1819,3/24/2011 13:59,3/2/2017 0:00,2169,5.9,10,9.3,3.06,312397,Subtropical
163,200,Australia,152.2725,-23.747,9/13/2013 14:05,1/6/2020 13:50,2306,6.3,10,1.3,2.07,332063,Subtropical
164,201,Australia,152.2747,-23.7452,9/13/2013 14:06,1/6/2020 13:50,2306,6.3,10,7,2.84,332064,Subtropical
165,202,Australia,143.8767,-9.4732,12/14/2011 0:00,11/3/2020 0:00,3247,8.9,10,3,57.22,467571,Tropical
166,204,Australia,143.8767,-9.1395,12/14/2011 0:02,11/3/2020 0:00,3247,8.9,10,5.1,56.92,467569,Tropical
167,205,Australia,115.5829,-20.6295,11/16/2010 0:07,2/3/2012 23:57,445,1.2,10,9,35.96,63936,Subtropical
168,206,Australia,114.1602,-21.8632,2/9/2018 0:00,2/24/2020 0:00,745,2,10,3,36.73,107281,Subtropical
169,207,Australia,152.4503,-24.7989,8/31/2001 0:00,9/4/2002 0:00,369,1,30,4,0.94,17711,Subtropical
170,208,Australia,152.4267,-24.7759,8/31/2001 0:00,9/4/2002 0:00,369,1,30,4,1.45,17713,Subtropical
171,210,Australia,96.8435,-12.0969,1/11/2006 17:30,1/4/2007 23:30,358,1,60,3,0,8599,Tropical
172,211,Australia,96.8433,-12.0947,2/28/2006 0:30,1/4/2007 23:30,311,0.9,60,10,0,7464,Tropical
173,212,Australia,147.9052,-19.8508,5/5/2016 0:00,10/13/2019 0:00,1256,3.4,10,2,7.06,180865,Tropical
174,214,Australia,123.5797,-12.5267,10/28/2008 0:00,4/12/2010 0:00,531,1.5,30,1,0.62,25489,Tropical
175,215,Australia,123.5741,-12.5258,10/28/2008 0:00,4/12/2010 0:00,531,1.5,30,2,1.56,25489,Tropical
176,216,Australia,123.5565,-12.5242,11/6/2008 0:06,4/12/2010 15:56,523,1.4,10,8.5,1.55,75264,Tropical
177,217,Australia,145.5817,-14.5238,9/4/2016 0:00,12/11/2018 0:00,828,2.3,10,8,1.44,119233,Tropical
178,218,Australia,146.482,-18.5691,2/12/1993 0:00,9/15/1995 0:00,945,2.6,30,0,40.19,45361,Tropical
179,219,Australia,146.4833,-18.5719,2/12/1993 0:00,6/18/2009 14:00,5971,16.4,30,4,8.16,286589,Tropical
180,220,Australia,146.4817,-18.5783,2/12/1993 0:00,9/15/1995 0:00,945,2.6,30,0,23.87,45361,Tropical
181,221,Australia,146.4823,-18.5691,8/3/2008 14:00,6/17/2009 13:30,318,0.9,30,3,0.77,15264,Tropical
182,222,Australia,146.483,-18.5718,3/30/1993 14:30,6/18/2009 14:00,5924,16.2,30,7,29.18,284352,Tropical
183,224,Australia,145.3115,-14.9522,5/14/1998 0:00,5/3/2008 13:30,3643,10,30,0,10.86,174844,Tropical
184,226,Australia,142.2799,-10.6893,12/10/2013 14:00,12/3/2017 23:56,1454,4,10,1.3,36.73,209437,Tropical
185,227,Australia,147.7199,-18.6534,4/30/2009 14:08,5/10/2017 13:50,2932,8,10,3,26.73,422210,Tropical
186,228,Australia,152.664,-21.9973,9/20/2013 0:04,9/1/2020 0:00,2538,7,10,2.5,6.94,365473,Subtropical
187,229,Australia,152.6686,-21.9979,2/1/2015 0:00,8/26/2020 23:50,2034,5.6,10,10,3.47,292898,Subtropical
188,230,Australia,147.7217,-18.6521,4/30/2009 14:18,3/20/2021 0:00,4341,11.9,10,9,37.88,625165,Tropical
189,231,Australia,147.7238,-18.6558,4/24/1999 14:00,5/2/2000 13:30,374,1,30,6,1.24,17940,Tropical
190,232,Australia,105.668,-10.4295,11/24/2009 17:27,6/19/2017 23:59,2764,7.6,10,2.5,73.37,398033,Tropical
191,234,Australia,119.384,-17.3552,10/13/2018 16:00,10/19/2019 15:59,371,1,1,2.9,17.07,534240,Tropical
192,235,Australia,119.3834,-17.3562,10/13/2018 16:00,10/19/2019 15:59,371,1,1,5.5,14.97,534240,Tropical
193,236,Australia,119.3704,-17.2838,6/25/2009 16:27,8/11/2020 23:57,4065,11.1,10,6,38.12,585408,Tropical
194,237,Australia,119.3604,-17.253,10/12/2015 16:10,8/12/2020 0:00,1765,4.8,10,7,20.97,254208,Tropical
195,238,Australia,146.8813,-19.1557,9/16/2005 0:00,12/21/2005 0:00,96,0.3,30,1,0.82,4609,Tropical
196,240,Australia,159.0654,-31.5391,3/4/2009 0:03,4/8/2013 12:51,1497,4.1,10,4,12.71,215504,Subtropical
197,241,Australia,113.7719,-23.2086,2/9/2018 0:00,2/26/2020 0:00,747,2,10,3,17.89,107569,Subtropical
198,242,Australia,113.7532,-23.1305,12/2/2012 16:30,11/5/2016 0:00,1433,3.9,30,4.9,12.43,68800,Subtropical
199,244,Australia,143.5112,-12.5847,11/23/2017 0:00,12/12/2020 0:00,1115,3.1,10,7.6,2.89,160561,Tropical
200,245,Australia,147.6339,-18.8312,3/3/2010 14:18,6/29/2019 0:00,3404,9.3,10,4.4,70.04,490245,Tropical
201,246,Australia,147.634,-18.8313,12/17/2009 14:18,6/29/2019 0:00,3480,9.5,10,8.4,33.95,501181,Tropical
202,249,"Australia, CooksPath",145.4523,-14.65832,12/10/2015 12:50,11/8/2018 23:36,1064,2.9,30,1.6,21.77,51101,Tropical
203,250,"Australia, CornerBeach",145.4419,-14.67503,12/10/2015 12:59,11/7/2017 12:04,698,1.9,30,3.6,3.2,33492,Tropical
204,251,"Australia, EasterPoint",145.4757,-14.67732,12/8/2016 12:43,11/21/2018 23:57,713,2,30,2.6,3.31,34236,Tropical
205,252,"Australia, GnarlyTree",145.4679,-14.6552,12/8/2016 12:37,9/11/2018 10:23,642,1.8,30,2.7,3.72,30801,Tropical
206,253,"Australia, Horseshoe",145.4439,-14.68752,12/10/2015 12:56,11/21/2018 23:29,1077,3,30,2.9,55.13,51707,Tropical
207,254,"Australia, Lagoon1",145.4549,-14.68692,12/10/2015 12:55,11/21/2018 23:43,1077,3,30,2.5,4.32,51764,Tropical
208,255,"Australia, Lagoon2",145.4469,-14.69769,12/8/2016 12:03,11/21/2018 23:41,713,2,30,2.7,3.13,34237,Tropical
209,256,"Australia, LizardHead",145.4722,-14.68655,12/8/2016 12:10,11/21/2018 23:34,713,2,30,2.8,3.35,34236,Tropical
210,257,"Australia, NoMansLand",145.4783,-14.67114,12/1/2017 12:56,11/21/2018 23:56,355,1,30,2.7,0,17061,Tropical
211,258,"Australia, NorthReef1",145.4549,-14.64538,12/8/2016 12:39,11/21/2018 23:37,713,2,30,2,3.36,34235,Tropical
212,259,"Australia, NorthReef2",145.4548,-14.64524,12/10/2015 12:19,11/7/2017 7:37,698,1.9,30,2.1,3.2,33484,Tropical
213,260,"Australia, MermaidCove",145.454,-14.64595,12/10/2015 12:33,11/21/2018 23:30,1077,3,30,1.8,35.31,51707,Tropical
214,261,"Australia, NorthOfParadise",145.475,-14.66163,12/10/2015 12:38,11/21/2018 23:36,1077,3,30,2.6,4.41,51763,Tropical
215,262,"Australia, Osprey",145.4429,-14.66804,12/10/2015 12:09,11/7/2017 16:36,698,1.9,30,2.3,3.2,33502,Tropical
216,263,"Australia, Resort",145.4475,-14.66408,12/10/2015 12:58,11/21/2018 23:46,1077,3,30,2.6,29.45,51717,Tropical
217,264,"Australia, Southeast",145.4634,-14.69596,12/10/2015 12:33,11/21/2018 23:30,1077,3,30,2.8,4.35,51728,Tropical
218,265,"Australia, Southisland",145.4601,-14.704,12/8/2016 12:14,11/21/2018 23:40,713,2,30,1.4,3.38,34248,Tropical
219,266,"Australia, Trimodal",145.4475,-14.69923,12/8/2016 12:34,11/21/2018 23:43,713,2,30,2.4,3.37,34248,Tropical
220,267,"Australia, TurtleBeach",145.4514,-14.65268,12/8/2016 12:39,11/21/2018 23:54,713,2,30,1.7,3.36,34248,Tropical
221,268,"Australia, Vickis",145.44,-14.68441,12/10/2015 12:42,11/21/2018 23:32,1077,3,30,2.7,4.31,51720,Tropical
222,269,"Australia, WashingMachine",145.4598,-14.64867,12/8/2016 12:11,11/21/2018 23:38,713,2,30,2.3,3.4,34248,Tropical
223,270,The Bahamas,-76.397,24.849,9/24/2019 10:04,9/8/2020 12:00,350,1,180,10,30.55,2802,Subtropical
224,271,The Bahamas,-76.309,24.751,9/25/2019 10:05,4/9/2021 10:01,562,1.5,180,10,28.32,4498,Subtropical
225,272,Australia,147.6688,-18.8065,1/30/2016 0:00,3/27/2016 0:00,57,0.2,1,2,7.55,82081,Tropical
226,273,Australia,147.6315,-18.8301,10/2/2014 0:00,11/24/2015 23:56,419,1.1,10,3.2,3,60337,Tropical
227,274,Australia,147.6686,-18.806,1/30/2016 0:00,3/27/2016 0:00,57,0.2,1,8,17.22,82081,Tropical
228,275,Australia,148.8122,-20.2557,1/30/2007 0:30,7/20/2009 13:30,903,2.5,30,4,0.84,43323,Subtropical
229,277,Australia,147.4519,-18.3999,9/23/2016 0:00,6/10/2019 13:50,991,2.7,10,9,5.55,142644,Tropical
230,278,Australia,150.8694,-9.7363,4/28/2011 0:06,10/5/2016 23:52,1988,5.4,10,3.8,32.67,286272,Tropical
231,279,Australia,150.8689,-9.7365,4/24/2012 14:02,3/28/2014 13:55,703,1.9,10,3.1,1.79,101233,Tropical
232,280,Australia,150.8691,-9.7366,3/29/2014 14:08,11/6/2014 13:58,222,0.6,10,2,2.58,31968,Tropical
233,283,Australia,146.1461,-17.9263,9/20/2008 0:30,7/6/2009 13:30,290,0.8,30,3,1.37,13899,Tropical
234,285,Australia,152.5662,-21.4727,9/4/2014 14:10,1/8/2016 0:00,490,1.3,10,2,8.9,70620,Subtropical
235,286,Australia,115.4616,-20.9019,11/28/2010 16:01,2/5/2012 15:52,434,1.2,10,4.9,7.7,62497,Subtropical
236,287,Australia,159.0755,-29.931,2/19/2007 13:00,12/4/2008 12:30,654,1.8,30,1,1.73,31392,Subtropical
237,288,Australia,159.0934,-29.9377,2/17/2006 14:00,2/18/2007 12:00,366,1,60,4.3,0.16,8783,Subtropical
238,289,Australia,159.0576,-29.9244,2/17/2006 1:00,2/18/2007 12:00,366,1,60,5.3,0.4,8796,Subtropical
239,290,Australia,113.7877,-23.3389,2/9/2018 0:00,2/26/2020 0:00,747,2,10,2,44.31,107569,Subtropical
240,291,Australia,152.7647,-21.1036,5/6/2008 0:30,10/22/2008 13:30,170,0.5,30,2.5,0.66,8139,Subtropical
241,294,Australia,150.8212,-9.7383,4/29/2011 0:09,5/22/2013 23:52,755,2.1,10,4.6,2.69,108720,Tropical
242,295,Australia,147.0542,-18.4758,4/18/2012 0:05,4/28/2014 23:55,741,2,10,2.5,14.78,106704,Tropical
243,296,Australia,147.0548,-18.4741,4/18/2012 0:06,4/28/2014 23:56,741,2,10,9.2,8.63,106704,Tropical
244,297,Australia,146.5315,-17.79,12/18/2015 0:00,2/23/2020 0:00,1528,4.2,10,1.5,16.35,220033,Tropical
245,298,Australia,146.5324,-17.7912,12/18/2015 0:00,2/23/2020 0:00,1528,4.2,10,7,3.19,220033,Tropical
246,299,Australia,146.3887,-17.519,3/1/2012 0:08,2/22/2020 0:00,2914,8,10,1.8,30.83,419617,Tropical
247,300,Australia,146.3905,-17.5179,3/1/2012 0:06,2/22/2020 0:00,2914,8,10,7.6,2.67,419617,Tropical
248,301,Australia,145.9963,-16.9233,10/24/2004 14:30,8/22/2009 13:30,1763,4.8,30,3,1.3,84623,Tropical
249,303,Australia,148.4509,-17.7123,12/9/2017 0:00,2/26/2020 0:00,809,2.2,10,9,1.11,116497,Tropical
250,304,Australia,146.0904,-17.227,8/5/2005 0:30,7/5/2008 13:30,1066,2.9,30,3,1.37,51147,Tropical
251,305,Australia,153.211,-30.1309,2/14/2002 13:00,3/17/2011 0:00,3317,9.1,30,8.5,11.82,159239,Subtropical
252,307,Australia,152.4797,-21.9758,9/25/2018 14:00,1/12/2020 0:00,473,1.3,10,9,1,68173,Subtropical
253,308,Australia,146.8607,-19.1557,12/20/1992 0:00,1/3/1996 0:00,1109,3,30,0,37.91,53235,Tropical
254,309,Australia,146.865,-19.1533,2/24/1993 14:00,9/3/1995 13:30,921,2.5,30,0,46.38,44208,Tropical
255,310,Australia,146.8645,-19.1549,12/18/1992 14:30,5/24/2010 13:30,6366,17.4,30,2,32.33,305568,Tropical
256,312,Australia,146.8685,-19.1549,9/19/2016 14:06,4/5/2020 0:00,1293,3.5,10,5,6.27,186253,Tropical
257,313,Australia,146.8617,-19.1567,12/20/1992 0:11,1/3/1996 0:00,1109,3,30,4,11.36,53234,Tropical
258,314,Australia,146.865,-19.155,11/21/1991 0:00,4/21/1994 14:00,883,2.4,60,4,64.41,21183,Tropical
259,316,Australia,113.5439,-23.7648,1/5/2012 0:11,5/19/2012 15:51,136,0.4,10,2.5,0.51,19535,Subtropical
260,317,Australia,150.4916,-20.7647,9/6/2006 0:00,12/16/2007 0:00,466,1.3,30,1.4,3.8,22369,Subtropical
261,318,Australia,150.4895,-20.7647,9/6/2006 14:00,12/16/2007 0:00,465,1.3,30,10,0.26,22341,Subtropical
262,320,Australia,145.9803,-16.7755,10/21/1997 14:30,11/15/2008 13:30,4043,11.1,30,6,27.36,194063,Tropical
263,321,Australia,153.2273,-30.159,3/3/2001 13:00,3/17/2011 0:00,3665,10,30,9.4,20.52,175945,Subtropical
264,322,"United States, Santa Barbara",-119.74447,34.39958,1/1/2004 0:00,12/31/2005 23:40,731,2,20,4,63.98,52632,Subtropical
265,323,"United States, Santa Barbara",-120.12005,34.46672,1/1/2001 0:00,12/31/2004 23:40,1461,4,20,5.3,31.33,105192,Subtropical
266,324,"United States, Santa Barbara",-120.28998,34.46085,1/1/1999 0:00,12/31/2020 23:40,8036,22,20,5,62.85,578592,Subtropical
267,325,"United States, Santa Barbara",-120.11965,34.46495,1/1/2004 0:00,2/25/2021 16:20,6266,17.2,20,4.2,16.68,451130,Subtropical
268,326,"United States, Santa Barbara",-119.5399,34.39015,1/1/2001 0:00,1/15/2021 21:20,7320,20.1,20,4.3,7.15,527033,Subtropical
269,327,"United States, Santa Barbara",-119.73012,34.39323,1/1/2005 0:00,3/18/2021 15:40,5921,16.2,20,4.8,19.32,426288,Subtropical
270,328,"United States, Santa Barbara",-119.95032,34.42388,1/1/2001 0:00,3/24/2021 19:20,7388,20.2,20,5.2,8.44,531923,Subtropical
271,329,"United States, Santa Barbara",-119.68575,34.4104667,1/1/2005 0:00,3/3/2021 23:00,5906,16.2,20,2.9,28.17,425230,Subtropical
272,330.1,"United States, Santa Barbara",-119.3681,34.0109,4/11/2003 21:00,4/13/2013 12:00,3655,10,60,3,10.61,87712,Subtropical
273,330.2,"United States, Santa Barbara",-119.3681,34.0109,4/11/2003 21:00,4/13/2013 12:00,3655,10,60,9,11.46,87712,Subtropical
274,331.1,"United States, Santa Barbara",-120.312,34.0396,1/13/2005 19:00,4/24/2007 20:00,831,2.3,60,3,15.7,19946,Subtropical
275,331.2,"United States, Santa Barbara",-120.312,34.0396,1/13/2005 19:00,4/24/2007 20:00,831,2.3,60,9,4.88,19946,Subtropical
276,332.1,"United States, Santa Barbara",-120.0322,34.0379,4/21/2005 19:00,4/25/2007 15:00,734,2,60,3,3.49,17613,Subtropical
277,332.2,"United States, Santa Barbara",-120.0322,34.0379,4/21/2005 19:00,4/25/2007 15:00,734,2,60,9,3.49,17613,Subtropical
278,333.1,"United States, Santa Barbara",-120.0829,34.0246,1/15/2009 18:00,10/3/2012 12:00,1357,3.7,60,3,15.07,32563,Subtropical
279,333.2,"United States, Santa Barbara",-120.0829,34.0246,1/15/2009 18:00,10/3/2012 12:00,1357,3.7,60,9,1.43,32563,Subtropical
280,334.1,"United States, Santa Barbara",-120.3523,34.0592,7/8/2008 4:00,8/19/2013 14:00,1868,5.1,60,3,22.83,44843,Subtropical
281,334.2,"United States, Santa Barbara",-120.3523,34.0592,7/8/2008 4:00,6/5/2013 8:00,1793,4.9,60,9,14.38,43037,Subtropical
282,335.1,"United States, Santa Barbara",-119.796,33.9601,9/9/2004 22:00,2/24/2005 20:00,168,0.5,60,3,6.1,4031,Subtropical
283,335.2,"United States, Santa Barbara",-119.796,33.9601,9/9/2004 22:00,2/24/2005 20:00,168,0.5,60,9,6.08,4031,Subtropical
284,336.1,"United States, Santa Barbara",-119.8244,34.0587,4/18/2000 17:00,2/24/2005 17:00,1773,4.9,60,3,11.71,42553,Subtropical
285,336.2,"United States, Santa Barbara",-119.8244,34.0587,4/18/2000 17:00,2/24/2005 17:00,1773,4.9,60,9,9.7,42553,Subtropical
286,337.1,"United States, Santa Barbara",-119.3604,34.0174,6/28/2000 17:00,6/27/2004 15:00,1460,4,60,4,13,35039,Subtropical
287,337.3,"United States, Santa Barbara",-119.3604,34.0174,2/2/2001 18:00,6/27/2004 15:00,1241,3.4,60,8,9.03,29782,Subtropical
288,338.1,"United States, Santa Barbara",-119.8548,33.9666,1/14/2005 16:00,2/1/2013 8:00,2940,8.1,60,3,6.79,70553,Subtropical
289,338.2,"United States, Santa Barbara",-119.8548,33.9666,1/14/2005 16:00,6/1/2013 8:00,3060,8.4,60,9,8.82,73433,Subtropical
290,339.1,"United States, Santa Barbara",-119.6967,34.0307,4/18/2000 19:00,5/3/2013 8:00,4763,13,60,3,7.4,114302,Subtropical
291,339.2,"United States, Santa Barbara",-119.6967,34.0307,4/18/2000 19:00,2/2/2013 8:00,4673,12.8,60,9,10.46,112142,Subtropical
292,340.1,"United States, Santa Barbara",-119.9416,34.066,1/13/2005 22:00,5/10/2013 4:00,3038,8.3,60,3,5.67,72919,Subtropical
293,340.2,"United States, Santa Barbara",-119.9416,34.066,1/13/2005 22:00,5/10/2013 4:00,3038,8.3,60,9,9.11,72919,Subtropical
294,341.1,"United States, Santa Barbara",-119.56,34.0549,4/27/2000 20:00,5/10/2013 4:00,4760,13,60,3,14.91,114249,Subtropical
295,341.2,"United States, Santa Barbara",-119.56,34.0549,4/27/2000 20:00,5/10/2013 4:00,4760,13,60,9,11.91,114249,Subtropical
296,342.1,"United States, Santa Barbara",-119.5384,34.0116,4/27/2000 19:00,5/12/2013 11:00,4763,13,60,3,19.13,114305,Subtropical
297,342.2,"United States, Santa Barbara",-119.5384,34.0116,4/27/2000 19:00,5/12/2013 11:00,4763,13,60,9,15.37,114305,Subtropical
298,343.1,"United States, Santa Barbara",-120.3455,34.057,5/21/2003 19:00,6/29/2008 15:00,1866,5.1,60,3,47.58,44781,Subtropical
299,343.2,"United States, Santa Barbara",-120.3455,34.057,4/26/2003 12:00,6/29/2008 15:00,1891,5.2,60,9,49.24,45388,Subtropical
300,344.1,"United States, Santa Barbara",-120.3311,34.0159,4/27/2003 10:00,5/2/2013 8:00,3658,10,60,3,4.52,87791,Subtropical
301,344.2,"United States, Santa Barbara",-120.3311,34.0159,4/27/2003 0:00,5/2/2013 8:00,3658,10,60,9,3.7,87801,Subtropical
302,345.1,"United States, Santa Barbara",-120.08,34.0261,4/17/2003 1:00,1/15/2009 18:00,2101,5.8,60,3,54.05,50418,Subtropical
303,345.2,"United States, Santa Barbara",-120.08,34.0261,4/17/2003 3:00,1/15/2009 18:00,2101,5.8,60,9,54.04,50416,Subtropical
304,346.1,"United States, Santa Barbara",-120.1278,33.8958,4/17/2003 5:00,10/2/2012 19:00,3457,9.5,60,3,4.16,82959,Subtropical
305,346.2,"United States, Santa Barbara",-120.1278,33.8958,3/6/2003 3:00,6/1/2013 8:00,3740,10.2,60,9,5.1,89766,Subtropical
306,347.1,"United States, Santa Barbara",-119.9101,34.051,4/27/2000 16:00,5/20/2013 16:00,4771,13.1,60,3,11.29,114505,Subtropical
307,347.2,"United States, Santa Barbara",-119.9101,34.051,4/27/2000 16:00,5/20/2013 16:00,4771,13.1,60,9,14.34,114505,Subtropical
308,348.1,"United States, Santa Barbara",-119.67,33.9783,4/27/2000 18:00,5/10/2013 4:00,4760,13,60,3,7.16,114251,Subtropical
309,348.2,"United States, Santa Barbara",-119.67,33.9783,4/27/2000 18:00,5/10/2013 4:00,4760,13,60,9,5.99,114251,Subtropical
310,349.1,"United States, Santa Barbara",-119.7527,33.9594,4/27/2000 17:00,10/22/2004 16:00,1639,4.5,60,3,7.49,39336,Subtropical
311,349.2,"United States, Santa Barbara",-119.7527,33.9594,4/27/2000 17:00,10/22/2004 16:00,1639,4.5,60,9,7.4,39336,Subtropical
312,350.1,"United States, Santa Barbara",-119.3958,34.0087,6/28/2000 19:00,4/13/2013 3:00,4671,12.8,60,3,15.24,112113,Subtropical
313,350.3,"United States, Santa Barbara",-119.3958,34.0087,2/2/2001 17:00,9/20/2012 5:00,4248,11.6,60,9,13.76,101941,Subtropical
314,351,"United States, Bodega Marine Laboratory (BML) Buoy",-123.083028,38.311806,9/13/2012 13:00,11/13/2018 20:00,2252,6.2,60,1,68.99,54056,Temperate
315,352,"United States, ca_weather_46145_5238_4013_530d",-132.44,54.37,5/5/2015 14:00,6/28/2021 7:00,2246,6.2,60,1,17.74,53898,Temperate
316,353,"United States, CINAR_DSG_MA101_sbe37_7960_7f64_bc5",-70.69934,42.21651,4/25/2014 4:40,4/29/2014 10:00,4,0,10,0.9,0.49,609,Temperate
317,354,"United States, CINAR_DSG_MA204_sbe37_08e4_bdb7_3f6",-70.69803,42.217438,1/12/2016 15:30,3/8/2016 15:10,56,0.2,10,0.9,0.52,8063,Temperate
318,355,"United States, CINAR_DSG_MD205_sbe37_53da_a9e3_e6d",-75.00555,38.26539,8/2/2016 16:10,11/8/2016 20:10,98,0.3,10,0.9,1.56,14137,Temperate
319,356,"United States, CINAR_DSG_ME303_sbe37_59ab_44e3_ae9",-70.33277,43.47214,6/12/2015 18:30,12/4/2015 16:50,175,0.5,10,0.9,2.29,25191,Temperate
320,357,"United States, CINAR_DSG_ME305_sbe37_b999_c42c_06b",-70.33336,43.471516,9/3/2016 18:30,12/6/2016 16:00,94,0.3,10,0.9,3.75,13522,Temperate
321,358.1,"United States, E01_sbe37_all_bc79_fca7_58ec",-69.355774,43.71517,5/9/2007 22:00,9/15/2020 18:30,4878,13.4,30,1,5.61,234138,Temperate
322,359.1,"United States, E01_sbe37_all_bc79_fca7_58ec",-69.354126,43.714954,9/16/2020 1:30,6/15/2021 13:00,272,0.7,30,1,0.04,13080,Temperate
323,360.1,"United States, E07_sbe37_all_d641_bab5_1a8c",-69.42379,43.790733,5/16/2019 16:00,11/10/2020 10:00,544,1.5,20,2,14.88,39151,Temperate
324,360.2,"United States, E07_sbe37_all_d641_bab5_1a8c",-69.42379,43.790733,5/16/2019 16:00,11/11/2019 13:40,179,0.5,20,5,0.16,12882,Temperate
325,360.3,"United States, E07_sbe37_all_d641_bab5_1a8c",-69.42379,43.790733,5/16/2019 16:00,9/17/2019 5:40,124,0.3,20,10,0.24,8898,Temperate
326,361.1,"United States, E07_sbe37_all_d641_bab5_1a8c",-69.4118,43.7895,9/15/2020 17:20,4/30/2021 2:00,226,0.6,20,10,3.11,16299,Temperate
327,362,"United States, gov_nps_ever_bkyf1_206a_7d6e_f119",-80.834,25.119,12/11/2015 4:00,6/28/2021 7:00,2026,5.6,60,1.5,10.35,48628,Subtropical
328,363.1,"United States, I01_sbe37_all_bc79_fca7_58ec",-68.1085,44.10599,5/10/2007 8:00,2/4/2020 19:30,4653,12.7,30,1,2.48,223368,Temperate
329,364.1,"United States, I01_sbe37_all_bc79_fca7_58ec",-68.111885,44.10195,11/9/2020 20:00,6/13/2021 23:00,216,0.6,30,1,0,10375,Temperate
330,365,"United States, org_secoora_14buoy_02dd_af28_0c54",-76.397,34.3018,11/11/2019 19:00,6/26/2020 21:00,228,0.6,60,0,1.39,5475,Subtropical
331,366,"United States, tomales-bay-buoy_0570_bb12_c1b3",-122.927681,38.18785,1/1/2019 0:06,7/9/2020 23:18,556,1.5,6,1,7.29,133433,Temperate
332,367,"United States, UNH_WBD_55b4_81eb_695a",-70.54203,43.019592,1/1/2020 0:00,12/31/2020 22:58,366,1,60,1,0.88,8791,Temperate
333,368,"United States, UNH_WBD_55b4_81eb_695a",-70.54178,43.023468,1/3/2009 0:00,12/31/2009 22:58,363,1,60,1,10.21,8719,Temperate
334,369,"United States, UNH_WBD_55b4_81eb_695a",-70.53632,43.025246,1/1/2011 0:00,12/31/2011 22:58,365,1,60,1,17.62,8762,Temperate
335,370,"United States, wmo_41013_ec68_b09d_6402",-77.743,33.436,12/11/2015 2:20,6/28/2021 9:00,2026,5.6,10,1,14.2,291787,Subtropical
336,373,India,67,0,8/6/2014 11:00,10/31/2019 2:10,1912,5.2,10,1,0.57,275276,Tropical
337,374,India,80.5,0,8/9/2008 18:20,8/15/2019 9:50,4023,11,10,1,24.6,579262,Tropical
338,375,India,90,0,11/9/2004 6:20,5/31/2018 1:40,4951,13.6,10,1,28.32,712917,Tropical
339,376,India,67,1.5,9/4/2016 21:00,11/1/2019 2:10,1152,3.2,10,1,0.55,165920,Tropical
340,377,India,67,-1.5,7/24/2013 15:50,10/29/2019 1:50,2287,6.3,10,1,0.17,329389,Tropical
341,378,India,80.5,-1.5,9/6/2006 11:10,8/11/2019 3:30,4722,12.9,10,1,22.25,679923,Tropical
342,379,India,90,12,10/17/2008 16:30,1/12/2017 0:40,3008,8.2,10,1,1.83,433202,Tropical
343,380,India,55,-12,3/6/2012 9:30,4/26/2013 13:50,416,1.1,10,1,0,59931,Tropical
344,381,India,67,-12,9/13/2009 7:40,7/17/2013 12:50,1403,3.8,10,1,39.44,202064,Tropical
345,382,India,80.5,-12,5/17/2010 9:00,10/22/2015 2:00,1984,5.4,10,1,0.14,285655,Tropical
346,383,India,93,-12,3/21/2011 10:20,2/25/2017 1:20,2168,5.9,10,1,39.62,312139,Tropical
347,384,India,90,15,10/19/2008 15:00,7/30/2019 5:20,3936,10.8,10,1,9.36,566727,Tropical
348,385,India,67,4,6/26/2018 13:20,11/2/2019 9:10,494,1.4,10,1,0,71112,Tropical
349,386,India,90,4,11/16/2006 5:50,3/8/2016 1:00,3400,9.3,10,1,48.51,489572,Tropical
350,387,India,57,-4,11/16/2015 13:50,11/19/2017 3:10,734,2,10,1,0,105633,Tropical
351,388,India,67,-4,6/24/2012 7:50,9/9/2016 7:50,1538,4.2,10,1,0.08,221473,Tropical
352,389,India,80.5,-4,8/19/2008 10:40,8/30/2015 1:50,2567,7,10,1,39.54,369596,Tropical
353,390,India,67,8,6/21/2018 12:20,11/4/2019 12:00,501,1.4,10,1,0,72143,Tropical
354,391,India,90,8,11/14/2006 8:10,1/14/2017 0:40,3714,10.2,10,1,52.35,534772,Tropical
355,392,India,55,-8,11/21/2008 10:00,11/21/2017 9:00,3287,9,10,1,45.04,473323,Tropical
356,393,India,67,-8,1/13/2007 14:00,10/3/2014 1:40,2819,7.7,10,1,53.16,406007,Tropical
357,394,India,80.5,-8,8/22/2008 13:10,11/19/2016 3:40,3011,8.2,10,1,5.62,433528,Tropical
358,395,Atlantic Ocean,0,0,11/8/1998 16:40,3/19/2018 12:10,7071,19.4,10,1,44.88,1018198,Tropical
359,396,Atlantic Ocean,-10,0,1/28/1999 20:10,2/23/2020 10:50,7696,21.1,10,1,24.12,1108169,Tropical
360,397,Atlantic Ocean,-23,0,3/6/1999 14:00,4/10/2015 17:30,5879,16.1,10,1,36.13,846598,Tropical
361,398,Atlantic Ocean,-35,0,1/21/1998 23:50,11/6/2017 12:50,7229,19.8,10,1,48.97,1040911,Tropical
362,399,Pacific Ocean,-110,0.69999999,1/20/1979 12:00,10/31/1981 3:45,1015,2.8,15,1,33.64,97408,Tropical
363,400,Pacific Ocean,-110,-0.69999999,1/20/1979 12:00,7/11/1981 14:45,903,2.5,15,1,37.77,86700,Tropical
364,401,Pacific Ocean,-110.5,0,1/20/1979 12:00,5/2/1979 11:45,102,0.3,15,1,0,9792,Tropical
365,402,Pacific Ocean,-110,0,4/16/1989 10:00,12/10/1992 2:00,1334,3.7,120,1,0.5,16005,Tropical
366,403,Pacific Ocean,-125,0,6/24/1996 11:10,4/8/2021 4:20,9054,24.8,10,1,40.54,1303736,Tropical
367,404,Pacific Ocean,-140,0,10/25/1984 7:00,4/29/1990 14:00,2012,5.5,120,1,36.87,24148,Tropical
368,405,Pacific Ocean,147,0,4/27/1994 14:00,12/9/2016 23:00,8262,22.6,60,1,8.4,198298,Tropical
369,406,Pacific Ocean,-155,0,10/28/1999 0:00,7/19/2020 19:50,7571,20.7,10,1,27.76,1090200,Tropical
370,407,Pacific Ocean,156,0,8/28/1991 8:00,10/14/1991 6:00,47,0.1,120,1,0,564,Tropical
371,408,Pacific Ocean,165,0,5/20/1989 6:00,9/17/1990 6:00,485,1.3,120,1,46.68,5821,Tropical
372,409,Pacific Ocean,-170,0,7/3/2000 13:20,10/29/2020 1:50,7423,20.3,10,1,29.12,1068844,Tropical
373,410,Pacific Ocean,180,0,11/28/1999 6:00,5/29/2021 23:00,7854,21.5,10,1,36.13,1130935,Tropical
374,411,Pacific Ocean,-95,0,11/6/1998 21:00,6/29/2021 23:50,8271,22.7,10,1,46.85,1191042,Tropical
375,412,"Chile, Tongoy",-71.56139,-30.275,9/11/2014 0:00,7/7/2021 23:00,2492,6.8,60,-99,7.58,59808,Subtropical
376,413,"Chile, Cochamo",-72.30889,-41.49556,3/9/2013 0:00,6/19/2014 23:00,468,1.3,60,-99,6.15,11232,Temperate
377,414,"Chile, Puyuhuapi",-72.68778,-44.73278,6/24/2010 0:00,3/21/2017 23:00,2463,6.7,60,-99,17.38,59112,Temperate
378,415,"Chile, Reloncavi Sound",-72.83444,-41.63611,9/15/2017 0:00,2/11/2021 23:00,1246,3.4,60,-99,33.14,29904,Temperate
379,416,"Chile, Itata",-72.9,-36.4,11/29/2017 0:00,3/9/2020 23:00,832,2.3,60,-99,41.13,19968,Temperate
380,417,"Chile, Irene Island",-74.015,-47.77,1/5/2017 0:00,10/7/2019 23:00,1006,2.8,60,-99,22.71,24144,Temperate
381,418,"Chile, Puerto Cisnes",-72.68778,-44.73278,12/1/2019 0:00,4/30/2020 23:00,152,0.4,60,-99,28.4,3648,Temperate
382,419,"Chile, Stratus",-85,-20,4/13/2019 0:00,7/7/2021 23:00,817,2.2,60,-99,20.13,19608,Subtropical
383,420,"Chile, Iquique",-70.248,-20.247,7/1/2020 0:00,6/27/2021 21:00,362,1,60,-99,44.53,8686,Subtropical
384,421,Atlantic Ocean,-16.468,48.9833,10/6/2002 19:59,12/9/2002 15:00,64,0.2,60,10,0.39,1532,Temperate
385,422,Atlantic Ocean,-16.4963,49.0755,11/17/2003 16:30,6/18/2004 16:45,214,0.6,15,10,0,20546,Temperate
386,423,Atlantic Ocean,-41.09017,23.86967,11/8/2015 17:00,3/15/2017 8:00,493,1.3,60,6,0,11824,Subtropical
387,424.1,"United Kingdom, Liverpool ",-3.364,53.536,3/8/2006 7:40,5/9/2006 12:00,62,0.2,10,5,0,8955,Temperate
388,424.2,"United Kingdom, Liverpool ",-3.364,53.536,3/8/2006 7:40,5/9/2006 12:00,62,0.2,10,10,0,8955,Temperate
389,425.1,"United Kingdom, Liverpool ",-3.36317,53.53367,11/2/2006 8:20,12/15/2006 9:50,43,0.1,10,5,0,6202,Temperate
390,425.2,"United Kingdom, Liverpool ",-3.36317,53.53367,11/2/2006 8:20,12/15/2006 9:50,43,0.1,10,10,0,6202,Temperate
391,426.1,"United Kingdom, Liverpool ",-3.36267,53.53317,2/14/2007 13:20,4/16/2007 13:50,61,0.2,10,5,0,8788,Temperate
392,426.2,"United Kingdom, Liverpool ",-3.36267,53.53317,2/14/2007 13:20,4/16/2007 13:50,61,0.2,10,10,0,8788,Temperate
393,427.1,"United Kingdom, Liverpool ",-3.64633,53.45017,12/11/2008 15:00,2/5/2009 15:10,56,0.2,10,5,0,8066,Temperate
394,427.2,"United Kingdom, Liverpool ",-3.64633,53.45017,12/11/2008 15:00,2/5/2009 15:10,56,0.2,10,10,0,8066,Temperate
395,428,"Brazil, Salvador",-38.5418,-12.9895333,8/2/2019 13:51,5/31/2021 17:51,668,1.8,30,0.5,4.59,32073,Tropical
396,429,"Brazil, Rio de Janeiro",-43.12483,-22.9616,9/14/2015 19:25,10/13/2016 11:25,395,1.1,30,0.5,24.51,18945,Subtropical
397,430,"Brazil, Rio de Janeiro",-43.14788,-22.93198,9/17/2015 17:25,12/20/2016 17:25,460,1.3,30,0.5,43.24,22081,Subtropical
398,431,"Brazil, Rio de Janeiro",-43.174472,-22.983083,8/8/2016 19:25,5/31/2021 17:51,1757,4.8,30,0.5,58.69,84336,Subtropical
399,432,"Brazil, Rio de Janeiro",-43.1502167,-22.97155,8/28/2017 13:25,5/31/2021 17:21,1372,3.8,30,0.5,72.62,65866,Subtropical
400,433,"Brazil, Rio Grande",-52.10556,-32.02349,3/11/2016 20:01,5/31/2021 17:01,1907,5.2,60,0.3,25.83,45766,Subtropical
401,434,"Brazil, Rio Grande",-52.0980333,-32.1345833,2/10/2019 18:21,5/31/2021 17:51,841,2.3,30,0.5,5.89,40368,Subtropical
402,435,"Brazil, Rio Grande",-52.0793667,-32.1949667,2/19/2019 22:21,10/13/2019 7:21,235,0.6,30,0.5,16.25,11299,Subtropical
403,436,"Brazil, Rio Grande",-52.0954333,-32.2454167,2/19/2019 17:21,5/31/2021 17:51,832,2.3,30,0.5,13.38,39938,Subtropical
404,437,"Brazil, Rio Grande",-52.02287188,-32.29979002,12/7/2016 22:25,1/29/2020 9:55,1147,3.1,30,0.5,52.49,55081,Subtropical
405,438,"Brazil, Florianopolis",-48.4210187,-27.2744533,2/22/2017 18:01,11/27/2019 2:01,1007,2.8,60,0.8,39.68,24177,Subtropical
406,439,"Brazil, Sao Sebastiao",-45.422167,-23.830583,9/22/2014 0:01,3/29/2020 1:01,2015,5.5,60,0.7,37.44,48362,Subtropical
407,440,"Brazil, Abra",-44.151723,-23.132341,3/23/2005 5:15,7/3/2005 17:15,103,0.3,90,2,0,1641,Subtropical
408,441,"Brazil, Cren",-44.15742,-23.135765,3/23/2005 5:12,7/3/2005 20:12,103,0.3,90,0,0,1643,Subtropical
409,442,"Brazil, Saco do Ceu",-44.201434,-23.105143,2/2/2005 22:30,10/12/2005 22:50,252,0.7,90,2,3.67,4034,Subtropical
410,443,"Brazil, Estrela",-44.201917,-23.107784,6/7/2005 21:19,10/12/2005 22:49,127,0.3,90,3,0,2034,Subtropical
411,444,"Brazil, Barreto",-44.193607,-23.103247,3/2/2005 23:08,7/2/2005 20:56,122,0.3,90,3,0,1951,Subtropical
412,445,"Brazil, Guaxum",-44.209958,-23.093985,2/3/2005 0:00,5/31/2005 15:00,118,0.3,90,3,0,1883,Subtropical
413,446,"Brazil, Macacos",-44.233726,-23.07662,2/3/2005 4:00,9/22/2005 19:52,232,0.6,90,2,0,3708,Subtropical
414,447,"Brazil, Aroeira",-44.24132,-23.077771,1/6/2005 17:31,7/1/2005 18:44,176,0.5,90,3,0,2818,Subtropical
415,448.1,"Brazil, Macacos ""Raso""",-44.234808,-23.076657,10/24/2004 13:18,1/5/2005 10:57,73,0.2,60,2,0,1751,Subtropical
416,448.2,"Brazil, Macacos ""Fundo""",-44.234808,-23.076657,10/24/2004 13:18,1/5/2005 10:57,73,0.2,60,7,0,1751,Subtropical
417,449,"United Kingdom, Liverpool ",-3.357,53.537,12/11/2008 9:50,2/5/2009 11:30,56,0.2,10,5,0,8075,Temperate
418,450.1,"United Kingdom, Liverpool ",-3.36133,53.5335,2/5/2009 11:30,4/1/2009 8:40,55,0.2,10,5,0,7910,Temperate
419,450.2,"United Kingdom, Liverpool ",-3.36133,53.5335,2/5/2009 11:30,4/1/2009 8:40,55,0.2,10,10,0,7910,Temperate
420,451.1,"United Kingdom, Liverpool ",-3.6455,53.45183,2/5/2009 15:10,4/2/2009 9:00,56,0.2,10,5,0,8034,Temperate
421,451.2,"United Kingdom, Liverpool ",-3.6455,53.45183,2/5/2009 15:10,4/2/2009 9:00,56,0.2,10,10,0,8034,Temperate
422,452.1,"Brazil, Ilha Deserta",-48.331,-27.2706,2/20/2013 13:25,8/2/2014 1:15,527,1.4,20,5,0,37982,Subtropical
423,453.1,"Brazil, Ilha da Gal",-48.408,-27.1719,5/10/2013 14:11,11/30/2013 2:02,203,0.6,20,5,0,14653,Subtropical
424,455,"Brazil, Ilha dos Lobos",-48.7087,-28.4461,6/14/2013 15:35,5/20/2014 17:35,340,0.9,20,5,0,24487,Subtropical
425,456.1,"Brazil, Moleques do Sul",-48.4318,-27.8454,12/18/2012 13:24,1/15/2014 10:01,393,1.1,20,5,0,28287,Subtropical
426,459.1,"Brazil, Tamboretes",-48.522,-26.3679,12/17/2012 11:40,1/16/2014 11:13,395,1.1,20,5,21.41,28440,Subtropical
427,460.1,"Brazil, lha do Xavier",-48.3858,-27.6092,1/31/2013 11:23,3/7/2013 10:23,35,0.1,20,5,0,2518,Subtropical
428,461,"Brazil, Atalaia",-32.408858,-3.857033,10/23/2018 12:00,2/24/2020 13:14,489,1.3,15,1,71.93,46950,Tropical
429,463,"Brazil, Gar",-35.3629,-5.20947,6/16/2018 12:11,7/16/2018 11:31,30,0.1,10,1,0,4317,Tropical
430,465,"Brazil, Rastro ",-35.34584,-5.22054,3/11/2020 13:28,2/26/2021 10:00,352,1,15,1,9.28,33779,Tropical
431,467,"Brazil, Sueste ",-32.422753,-3.867433,10/21/2018 8:30,1/23/2020 11:00,459,1.3,15,1,0,44075,Tropical
